{
    "member_0": {
        "bestAttackedWeight": [
            0.49968426249105696,
            0.42669143329279646,
            0.47511961398306196,
            0.5153,
            0.2833000948005022,
            0.4495237404630844,
            0.3978192222251006,
            0.2586528953320978,
            0.6605,
            0.4981175824357542,
            0.5701513327251033,
            0.5489014349855879
        ],
        "kernel_idx": [
            [
                1,
                1,
                47,
                50,
                "layer2.0.conv1",
                1,
                4
            ],
            [
                1,
                1,
                47,
                50,
                "layer2.0.conv1",
                1,
                8
            ],
            [
                1,
                1,
                47,
                50,
                "layer2.0.conv1",
                1,
                5
            ],
            [
                1,
                1,
                47,
                50,
                "layer2.0.conv1",
                1,
                0
            ],
            [
                1,
                1,
                50,
                54,
                "layer1.1.conv2",
                1,
                7
            ],
            [
                1,
                1,
                50,
                54,
                "layer1.1.conv2",
                1,
                4
            ],
            [
                1,
                1,
                50,
                54,
                "layer1.1.conv2",
                1,
                3
            ],
            [
                1,
                1,
                50,
                54,
                "layer1.1.conv2",
                1,
                0
            ],
            [
                1,
                1,
                54,
                51,
                "layer1.1.conv1",
                1,
                4
            ],
            [
                1,
                1,
                54,
                51,
                "layer1.1.conv1",
                1,
                5
            ],
            [
                1,
                1,
                54,
                51,
                "layer1.1.conv1",
                1,
                3
            ],
            [
                1,
                1,
                54,
                51,
                "layer1.1.conv1",
                1,
                7
            ]
        ]
    }
}